,orgid,prefix,visible,dark,total
9914,47779,186.172.0.0/14,0,262144,262144
9911,23085,186.164.0.0/15,0,131072,131072
9877,35073,186.98.0.0/15,0,131072,131072
9902,38660,186.157.0.0/16,0,65536,65536
5406,29834,148.242.0.0/16,0,65536,65536
5032,65334,140.191.0.0/16,0,65536,65536
5656,95936,167.134.0.0/16,0,65536,65536
5652,245143,167.28.0.0/16,0,65536,65536
5649,13630,166.110.0.0/16,0,65536,65536
5575,13620,164.98.0.0/16,0,65536,65536
3537,95942,129.90.0.0/16,0,65536,65536
5569,12155,163.250.0.0/16,0,65536,65536
5565,95947,162.122.0.0/16,0,65536,65536
5563,23085,161.255.0.0/16,0,65536,65536
5561,23085,161.234.0.0/16,0,65536,65536
5453,13730,158.160.0.0/16,0,65536,65536
5446,144929,155.211.0.0/16,0,65536,65536
5428,16640,152.139.0.0/16,0,65536,65536
5414,53168,148.250.0.0/16,0,65536,65536
5574,54076,164.96.0.0/16,0,65536,65536
5412,77090,148.248.0.0/16,0,65536,65536
12050,21455,201.169.0.0/16,0,65536,65536
10544,236470,189.201.0.0/17,0,32768,32768
9207,97264,177.234.0.0/17,0,32768,32768
9881,35073,186.103.0.0/17,0,32768,32768
10902,20004,190.197.128.0/17,0,32768,32768
9240,88282,179.0.64.0/18,0,16384,16384
9927,33180,186.189.0.0/18,0,16384,16384
10200,114721,187.16.192.0/19,0,8192,8192
9239,88282,179.0.32.0/19,0,8192,8192
9347,33180,179.61.32.0/19,0,8192,8192
11512,63177,200.90.224.0/19,0,8192,8192
10470,114721,189.76.96.0/19,0,8192,8192
8819,99576,177.126.32.0/19,0,8192,8192
12081,88282,201.218.160.0/19,0,8192,8192
10792,88282,190.113.32.0/19,0,8192,8192
11608,130343,200.128.192.0/19,0,8192,8192
11989,53158,201.150.64.0/20,0,4096,4096
8689,124215,177.105.96.0/20,0,4096,4096
11258,130343,200.18.224.0/20,0,4096,4096
9464,153813,179.109.176.0/20,0,4096,4096
8286,118255,177.71.96.0/20,0,4096,4096
9763,45511,181.199.208.0/20,0,4096,4096
11680,130059,200.169.64.0/20,0,4096,4096
11511,63177,200.90.208.0/20,0,4096,4096
11484,61785,200.80.80.0/20,0,4096,4096
11262,130343,200.19.16.0/20,0,4096,4096
10809,40230,190.115.96.0/20,0,4096,4096
10500,146021,189.91.160.0/20,0,4096,4096
11609,130343,200.128.224.0/20,0,4096,4096
9346,61785,179.61.16.0/20,0,4096,4096
11705,124137,200.192.224.0/21,0,2048,2048
8792,126106,177.125.184.0/21,0,2048,2048
11772,112550,200.229.120.0/21,0,2048,2048
11553,40749,200.107.192.0/21,0,2048,2048
8424,133098,177.84.112.0/21,0,2048,2048
4903,27419,138.204.248.0/21,0,2048,2048
11459,22675,200.73.200.0/21,0,2048,2048
193,35340,45.6.248.0/21,0,2048,2048
11249,130343,200.18.24.0/21,0,2048,2048
11545,22330,200.106.152.0/21,0,2048,2048
11953,21461,201.139.160.0/21,0,2048,2048
10673,75916,190.57.48.0/21,0,2048,2048
10726,232733,190.102.120.0/21,0,2048,2048
11261,130343,200.19.8.0/21,0,2048,2048
2368,309034,45.188.140.0/22,0,1024,1024
2367,307868,45.188.136.0/22,0,1024,1024
2366,305055,45.188.124.0/22,0,1024,1024
2365,296844,45.188.120.0/22,0,1024,1024
2364,308961,45.188.116.0/22,0,1024,1024
3049,282942,45.233.216.0/22,0,1024,1024
2363,306963,45.188.112.0/22,0,1024,1024
2361,269667,45.188.100.0/22,0,1024,1024
3011,151427,45.233.72.0/22,0,1024,1024
2359,304592,45.188.88.0/22,0,1024,1024
2994,52996,45.233.4.0/22,0,1024,1024
2360,293758,45.188.96.0/22,0,1024,1024
2370,289453,45.188.172.0/22,0,1024,1024
2369,303548,45.188.164.0/22,0,1024,1024
2646,283393,45.227.228.0/22,0,1024,1024
2371,282408,45.188.180.0/22,0,1024,1024
2372,299522,45.188.184.0/22,0,1024,1024
2956,285597,45.232.104.0/22,0,1024,1024
2925,247871,45.231.236.0/22,0,1024,1024
2881,283557,45.231.80.0/22,0,1024,1024
2879,278815,45.231.72.0/22,0,1024,1024
2834,284519,45.230.148.0/22,0,1024,1024
2981,280542,45.232.204.0/22,0,1024,1024
2729,278307,45.229.40.0/22,0,1024,1024
2710,281218,45.228.220.0/22,0,1024,1024
2662,282098,45.228.36.0/22,0,1024,1024
2650,281035,45.227.244.0/22,0,1024,1024
2639,282312,45.227.200.0/22,0,1024,1024
2632,280541,45.227.172.0/22,0,1024,1024
2584,114721,45.227.0.0/22,0,1024,1024
2563,277332,45.226.176.0/22,0,1024,1024
2475,281018,45.225.104.0/22,0,1024,1024
2473,280133,45.225.96.0/22,0,1024,1024
2435,278619,45.224.216.0/22,0,1024,1024
2393,257497,45.224.64.0/22,0,1024,1024
2379,280851,45.224.8.0/22,0,1024,1024
2376,85468,45.188.212.0/22,0,1024,1024
2375,309035,45.188.204.0/22,0,1024,1024
2374,140624,45.188.196.0/22,0,1024,1024
2373,307867,45.188.188.0/22,0,1024,1024
43,272492,45.4.160.0/22,0,1024,1024
2336,306308,45.187.224.0/22,0,1024,1024
2358,259419,45.188.84.0/22,0,1024,1024
2357,219779,45.188.72.0/22,0,1024,1024
2324,306012,45.187.156.0/22,0,1024,1024
2323,230419,45.187.152.0/22,0,1024,1024
2322,301832,45.187.148.0/22,0,1024,1024
2321,308760,45.187.144.0/22,0,1024,1024
2319,291902,45.187.136.0/22,0,1024,1024
2318,307655,45.187.132.0/22,0,1024,1024
2317,304034,45.187.128.0/22,0,1024,1024
2315,308439,45.187.120.0/22,0,1024,1024
2312,298771,45.187.112.0/22,0,1024,1024
2309,308759,45.187.100.0/22,0,1024,1024
2308,308438,45.187.96.0/22,0,1024,1024
2307,308138,45.187.92.0/22,0,1024,1024
2306,305921,45.187.72.0/22,0,1024,1024
2305,288903,45.187.68.0/22,0,1024,1024
2304,305248,45.187.64.0/22,0,1024,1024
2301,279000,45.187.48.0/22,0,1024,1024
2300,307906,45.187.44.0/22,0,1024,1024
2298,305536,45.187.32.0/22,0,1024,1024
2297,305706,45.187.28.0/22,0,1024,1024
2325,305651,45.187.168.0/22,0,1024,1024
2327,305075,45.187.176.0/22,0,1024,1024
2328,276392,45.187.180.0/22,0,1024,1024
2346,307083,45.188.20.0/22,0,1024,1024
2356,308963,45.188.68.0/22,0,1024,1024
2355,308962,45.188.64.0/22,0,1024,1024
2352,306259,45.188.44.0/22,0,1024,1024
2351,305564,45.188.40.0/22,0,1024,1024
145,114721,45.6.52.0/22,0,1024,1024
2349,303516,45.188.32.0/22,0,1024,1024
2348,304716,45.188.28.0/22,0,1024,1024
2347,307062,45.188.24.0/22,0,1024,1024
2345,308810,45.188.16.0/22,0,1024,1024
2329,192458,45.187.184.0/22,0,1024,1024
2344,283478,45.187.252.0/22,0,1024,1024
2340,280807,45.187.240.0/22,0,1024,1024
2339,305459,45.187.236.0/22,0,1024,1024
2338,305173,45.187.232.0/22,0,1024,1024
3205,285612,45.236.44.0/22,0,1024,1024
2335,308691,45.187.220.0/22,0,1024,1024
2334,129413,45.187.216.0/22,0,1024,1024
2331,279148,45.187.200.0/22,0,1024,1024
3191,149406,45.235.244.0/22,0,1024,1024
4635,20213,138.121.176.0/22,0,1024,1024
3235,284767,45.236.156.0/22,0,1024,1024
6818,262881,170.80.248.0/22,0,1024,1024
7362,265122,170.239.64.0/22,0,1024,1024
7335,33341,170.238.220.0/22,0,1024,1024
7166,256834,170.231.68.0/22,0,1024,1024
7090,20422,170.150.28.0/22,0,1024,1024
7073,241851,170.84.216.0/22,0,1024,1024
7027,124024,170.84.32.0/22,0,1024,1024
6944,92378,170.82.224.0/22,0,1024,1024
6912,248571,170.82.96.0/22,0,1024,1024
6806,225411,170.80.200.0/22,0,1024,1024
5838,248174,168.0.208.0/22,0,1024,1024
6744,130343,170.79.212.0/22,0,1024,1024
6513,123330,168.232.92.0/22,0,1024,1024
6456,72604,168.228.124.0/22,0,1024,1024
6239,124024,168.197.20.0/22,0,1024,1024
6225,260703,168.196.216.0/22,0,1024,1024
6088,197957,168.194.168.0/22,0,1024,1024
6033,48487,168.181.204.0/22,0,1024,1024
6006,67584,168.181.92.0/22,0,1024,1024
7470,222399,170.244.240.0/22,0,1024,1024
7556,239462,170.246.64.0/22,0,1024,1024
7647,54865,170.247.164.0/22,0,1024,1024
7648,35340,170.247.168.0/22,0,1024,1024
11929,21461,201.131.52.0/22,0,1024,1024
11923,22810,201.130.24.0/22,0,1024,1024
11758,126687,200.225.96.0/22,0,1024,1024
11474,22675,200.77.188.0/22,0,1024,1024
11248,130343,200.18.20.0/22,0,1024,1024
11189,35604,200.9.188.0/22,0,1024,1024
11183,126106,200.9.160.0/22,0,1024,1024
11109,35604,192.136.44.0/22,0,1024,1024
10774,219323,190.109.92.0/22,0,1024,1024
9606,21757,181.41.136.0/22,0,1024,1024
9230,147233,179.0.16.0/22,0,1024,1024
8997,132403,177.152.48.0/22,0,1024,1024
8444,114112,177.84.228.0/22,0,1024,1024
8317,136876,177.72.204.0/22,0,1024,1024
7985,120211,177.39.28.0/22,0,1024,1024
7780,115747,177.10.184.0/22,0,1024,1024
7659,94271,170.247.216.0/22,0,1024,1024
5979,219323,168.121.244.0/22,0,1024,1024
5473,275646,160.20.92.0/22,0,1024,1024
3245,281762,45.236.192.0/22,0,1024,1024
3556,88181,131.0.72.0/22,0,1024,1024
3879,276593,131.196.124.0/22,0,1024,1024
3747,222704,131.108.96.0/22,0,1024,1024
3716,117116,131.100.228.0/22,0,1024,1024
3688,222467,131.100.112.0/22,0,1024,1024
3668,21387,131.100.28.0/22,0,1024,1024
3585,40780,131.0.196.0/22,0,1024,1024
3571,136335,131.0.140.0/22,0,1024,1024
3564,20004,131.0.104.0/22,0,1024,1024
3453,292575,45.239.216.0/22,0,1024,1024
5465,262986,160.19.252.0/22,0,1024,1024
3401,75782,45.239.32.0/22,0,1024,1024
3400,283274,45.239.28.0/22,0,1024,1024
3392,286605,45.239.0.0/22,0,1024,1024
3347,289383,45.238.84.0/22,0,1024,1024
3305,67581,45.237.172.0/22,0,1024,1024
3270,285511,45.237.36.0/22,0,1024,1024
3266,287974,45.237.20.0/22,0,1024,1024
3254,285619,45.236.228.0/22,0,1024,1024
3911,278105,131.196.252.0/22,0,1024,1024
4047,225778,132.255.8.0/22,0,1024,1024
4099,227701,132.255.220.0/22,0,1024,1024
4203,230149,138.36.136.0/22,0,1024,1024
5330,247139,143.255.156.0/22,0,1024,1024
5274,245758,143.208.188.0/22,0,1024,1024
5173,242568,143.202.36.0/22,0,1024,1024
5131,241850,143.137.120.0/22,0,1024,1024
4902,27419,138.204.244.0/22,0,1024,1024
4838,224704,138.186.236.0/22,0,1024,1024
4832,48487,138.186.212.0/22,0,1024,1024
4773,240177,138.185.228.0/22,0,1024,1024
4710,239462,138.122.224.0/22,0,1024,1024
2295,304552,45.187.20.0/22,0,1024,1024
4559,220883,138.118.112.0/22,0,1024,1024
4483,122028,138.117.28.0/22,0,1024,1024
4457,92378,138.99.176.0/22,0,1024,1024
4394,107186,138.97.172.0/22,0,1024,1024
4350,233903,138.94.248.0/22,0,1024,1024
4331,124909,138.94.164.0/22,0,1024,1024
4259,231539,138.59.108.0/22,0,1024,1024
2296,305274,45.187.24.0/22,0,1024,1024
2350,307450,45.188.36.0/22,0,1024,1024
2294,308332,45.187.16.0/22,0,1024,1024
1870,304861,45.180.220.0/22,0,1024,1024
1844,293103,45.180.120.0/22,0,1024,1024
1827,304077,45.180.68.0/22,0,1024,1024
1823,304392,45.180.52.0/22,0,1024,1024
1814,296165,45.180.24.0/22,0,1024,1024
2293,307205,45.187.12.0/22,0,1024,1024
1793,301873,45.179.200.0/22,0,1024,1024
1781,274176,45.179.160.0/22,0,1024,1024
1776,301937,45.179.140.0/22,0,1024,1024
1764,294167,45.179.92.0/22,0,1024,1024
1745,270516,45.179.28.0/22,0,1024,1024
1736,293489,45.178.248.0/22,0,1024,1024
1720,43433,45.178.196.0/22,0,1024,1024
1719,292743,45.178.192.0/22,0,1024,1024
1697,303795,45.178.104.0/22,0,1024,1024
1692,302582,45.178.84.0/22,0,1024,1024
1680,55880,45.178.36.0/22,0,1024,1024
1666,303118,45.177.236.0/22,0,1024,1024
1646,264128,45.177.168.0/22,0,1024,1024
1636,299065,45.177.128.0/22,0,1024,1024
1631,302228,45.177.108.0/22,0,1024,1024
1610,221510,45.177.40.0/22,0,1024,1024
1605,287242,45.177.20.0/22,0,1024,1024
1594,301757,45.176.236.0/22,0,1024,1024
1857,303894,45.180.172.0/22,0,1024,1024
1876,272097,45.180.244.0/22,0,1024,1024
1559,301368,45.176.108.0/22,0,1024,1024
1884,303905,45.181.12.0/22,0,1024,1024
2067,192345,45.183.156.0/22,0,1024,1024
2056,306682,45.183.116.0/22,0,1024,1024
2054,293568,45.183.108.0/22,0,1024,1024
2051,304808,45.183.100.0/22,0,1024,1024
2048,305377,45.183.88.0/22,0,1024,1024
2044,305600,45.183.72.0/22,0,1024,1024
2037,305852,45.183.44.0/22,0,1024,1024
2030,306014,45.183.24.0/22,0,1024,1024
2026,287888,45.183.8.0/22,0,1024,1024
2018,279741,45.182.232.0/22,0,1024,1024
2010,271547,45.182.200.0/22,0,1024,1024
2002,304227,45.182.180.0/22,0,1024,1024
2001,301807,45.182.176.0/22,0,1024,1024
1988,301995,45.182.132.0/22,0,1024,1024
1987,304765,45.182.128.0/22,0,1024,1024
1981,304948,45.182.112.0/22,0,1024,1024
1973,250908,45.182.80.0/22,0,1024,1024
1959,303844,45.182.36.0/22,0,1024,1024
1957,300793,45.182.28.0/22,0,1024,1024
1953,304995,45.182.12.0/22,0,1024,1024
1947,302140,45.181.244.0/22,0,1024,1024
1932,303770,45.181.188.0/22,0,1024,1024
1920,305342,45.181.140.0/22,0,1024,1024
1564,230051,45.176.128.0/22,0,1024,1024
1556,301382,45.176.96.0/22,0,1024,1024
2076,306589,45.183.184.0/22,0,1024,1024
1158,297509,45.170.184.0/22,0,1024,1024
999,91690,45.168.104.0/22,0,1024,1024
972,293182,45.168.4.0/22,0,1024,1024
960,296134,45.167.212.0/22,0,1024,1024
896,149875,45.166.240.0/22,0,1024,1024
886,293595,45.166.204.0/22,0,1024,1024
866,293627,45.166.124.0/22,0,1024,1024
860,295546,45.166.100.0/22,0,1024,1024
776,293958,45.165.40.0/22,0,1024,1024
727,293415,45.164.108.0/22,0,1024,1024
667,293185,45.163.124.0/22,0,1024,1024
648,279501,45.163.48.0/22,0,1024,1024
639,293502,45.163.20.0/22,0,1024,1024
633,286808,45.163.0.0/22,0,1024,1024
610,20423,45.162.168.0/22,0,1024,1024
601,294017,45.162.132.0/22,0,1024,1024
517,292732,45.161.88.0/22,0,1024,1024
501,289329,45.161.24.0/22,0,1024,1024
491,293168,45.160.240.0/22,0,1024,1024
464,288980,45.160.132.0/22,0,1024,1024
432,289238,45.160.8.0/22,0,1024,1024
365,259232,45.71.8.0/22,0,1024,1024
219,274880,45.7.100.0/22,0,1024,1024
210,146604,45.7.64.0/22,0,1024,1024
1054,293045,45.169.60.0/22,0,1024,1024
1165,242122,45.170.212.0/22,0,1024,1024
1529,301186,45.175.252.0/22,0,1024,1024
1173,297988,45.170.244.0/22,0,1024,1024
1524,301398,45.175.232.0/22,0,1024,1024
1506,300916,45.175.160.0/22,0,1024,1024
1474,301361,45.175.40.0/22,0,1024,1024
1458,300986,45.174.244.0/22,0,1024,1024
1447,120630,45.174.208.0/22,0,1024,1024
1446,282463,45.174.204.0/22,0,1024,1024
1445,274734,45.174.200.0/22,0,1024,1024
1436,300469,45.174.168.0/22,0,1024,1024
1427,299076,45.174.132.0/22,0,1024,1024
1423,293591,45.174.124.0/22,0,1024,1024
1419,300457,45.174.108.0/22,0,1024,1024
1418,289093,45.174.104.0/22,0,1024,1024
1405,300462,45.174.56.0/22,0,1024,1024
1396,301332,45.174.20.0/22,0,1024,1024
1366,301210,45.173.172.0/22,0,1024,1024
1346,298922,45.173.96.0/22,0,1024,1024
1298,297334,45.172.192.0/22,0,1024,1024
1284,297773,45.172.140.0/22,0,1024,1024
1283,289089,45.172.136.0/22,0,1024,1024
1255,197162,45.172.24.0/22,0,1024,1024
1253,298605,45.172.16.0/22,0,1024,1024
1245,297860,45.171.240.0/22,0,1024,1024
1175,297959,45.170.252.0/22,0,1024,1024
2071,293303,45.183.172.0/22,0,1024,1024
1810,301286,45.180.12.0/22,0,1024,1024
12095,48487,201.222.16.0/22,0,1024,1024
2277,282244,45.186.200.0/22,0,1024,1024
2195,36335,45.185.116.0/22,0,1024,1024
2193,304009,45.185.108.0/22,0,1024,1024
2189,292846,45.185.92.0/22,0,1024,1024
2187,195136,45.185.84.0/22,0,1024,1024
2186,252119,45.185.80.0/22,0,1024,1024
2178,303995,45.185.48.0/22,0,1024,1024
2273,287304,45.186.184.0/22,0,1024,1024
2174,308300,45.185.36.0/22,0,1024,1024
2276,308252,45.186.196.0/22,0,1024,1024
2162,279264,45.184.252.0/22,0,1024,1024
2199,304796,45.185.132.0/22,0,1024,1024
2155,276947,45.184.224.0/22,0,1024,1024
2154,298236,45.184.220.0/22,0,1024,1024
2278,91888,45.186.204.0/22,0,1024,1024
2142,300756,45.184.172.0/22,0,1024,1024
2279,308023,45.186.208.0/22,0,1024,1024
2280,237982,45.186.212.0/22,0,1024,1024
2140,307768,45.184.164.0/22,0,1024,1024
2137,305402,45.184.152.0/22,0,1024,1024
2136,307048,45.184.148.0/22,0,1024,1024
2198,41126,45.185.128.0/22,0,1024,1024
2257,308077,45.186.120.0/22,0,1024,1024
2262,306772,45.186.136.0/22,0,1024,1024
2231,298349,45.186.16.0/22,0,1024,1024
2250,308079,45.186.92.0/22,0,1024,1024
2245,294083,45.186.72.0/22,0,1024,1024
2244,149801,45.186.68.0/22,0,1024,1024
2239,303276,45.186.48.0/22,0,1024,1024
2238,294782,45.186.44.0/22,0,1024,1024
2236,289067,45.186.36.0/22,0,1024,1024
2234,303960,45.186.28.0/22,0,1024,1024
2233,307581,45.186.24.0/22,0,1024,1024
2232,306142,45.186.20.0/22,0,1024,1024
2226,305961,45.185.252.0/22,0,1024,1024
2217,200911,45.185.212.0/22,0,1024,1024
2225,306428,45.185.248.0/22,0,1024,1024
2267,302242,45.186.160.0/22,0,1024,1024
2224,306386,45.185.244.0/22,0,1024,1024
2268,297167,45.186.164.0/22,0,1024,1024
2221,308191,45.185.228.0/22,0,1024,1024
2270,308960,45.186.172.0/22,0,1024,1024
2220,306016,45.185.224.0/22,0,1024,1024
2271,134686,45.186.176.0/22,0,1024,1024
2219,305672,45.185.220.0/22,0,1024,1024
2260,35260,45.186.128.0/22,0,1024,1024
2156,304748,45.184.228.0/22,0,1024,1024
2135,114721,45.184.144.0/22,0,1024,1024
2125,35003,45.184.104.0/22,0,1024,1024
2284,296490,45.186.228.0/22,0,1024,1024
2120,63594,45.184.92.0/22,0,1024,1024
2285,301553,45.186.232.0/22,0,1024,1024
2107,306680,45.184.40.0/22,0,1024,1024
2286,305214,45.186.236.0/22,0,1024,1024
2264,307617,45.186.148.0/22,0,1024,1024
2103,306468,45.184.24.0/22,0,1024,1024
2101,305071,45.184.16.0/22,0,1024,1024
2098,253854,45.184.4.0/22,0,1024,1024
2097,126110,45.184.0.0/22,0,1024,1024
2288,295447,45.186.244.0/22,0,1024,1024
2290,197959,45.186.252.0/22,0,1024,1024
2291,307975,45.187.0.0/22,0,1024,1024
2079,245059,45.183.196.0/22,0,1024,1024
2077,303877,45.183.188.0/22,0,1024,1024
2283,300437,45.186.224.0/22,0,1024,1024
2118,305301,45.184.84.0/22,0,1024,1024
2254,307506,45.186.108.0/22,0,1024,1024
2263,300743,45.186.144.0/22,0,1024,1024
2128,221530,45.184.116.0/22,0,1024,1024
2281,305400,45.186.216.0/22,0,1024,1024
2129,308437,45.184.120.0/22,0,1024,1024
2131,305724,45.184.128.0/22,0,1024,1024
2132,303372,45.184.132.0/22,0,1024,1024
2130,300762,45.184.124.0/22,0,1024,1024
1439,300995,45.174.178.0/23,0,512,512
892,296556,45.166.226.0/23,0,512,512
1880,123454,45.181.4.0/23,0,512,512
1812,305360,45.180.20.0/23,0,512,512
2086,298884,45.183.222.0/23,0,512,512
8735,136107,177.124.108.0/23,0,512,512
11233,27419,200.14.74.0/23,0,512,512
11232,27419,200.14.38.0/23,0,512,512
2053,289237,45.183.106.0/23,0,512,512
1891,300929,45.181.40.0/23,0,512,512
1198,221289,45.171.80.0/23,0,512,512
11645,222044,200.150.164.0/23,0,512,512
2343,222945,45.187.250.0/23,0,512,512
11193,79700,200.9.210.0/23,0,512,512
11194,24221,200.9.212.0/23,0,512,512
11202,24221,200.10.128.0/23,0,512,512
1294,253645,45.172.178.0/23,0,512,512
3054,287033,45.233.234.0/23,0,512,512
3056,108347,45.233.238.0/23,0,512,512
1858,294618,45.180.176.0/23,0,512,512
2072,304829,45.183.176.0/23,0,512,512
7832,125942,177.11.254.0/23,0,512,512
11743,114721,200.219.138.0/23,0,512,512
2258,304446,45.186.124.0/23,0,512,512
2333,269238,45.187.210.0/23,0,512,512
2170,287229,45.185.28.0/23,0,512,512
950,288779,45.167.176.0/23,0,512,512
1138,34213,45.170.108.0/23,0,512,512
2259,300660,45.186.126.0/23,0,512,512
1212,298055,45.171.120.0/23,0,512,512
11132,35340,200.0.86.0/23,0,512,512
1574,296670,45.176.166.0/23,0,512,512
2789,281852,45.229.244.0/23,0,512,512
11108,35604,192.136.42.0/23,0,512,512
2919,286588,45.231.214.0/23,0,512,512
2353,94907,45.188.56.0/23,0,512,512
7321,261875,170.238.168.0/23,0,512,512
2214,245878,45.185.186.0/23,0,512,512
11185,24811,200.9.166.0/23,0,512,512
2314,279547,45.187.118.0/23,0,512,512
2003,279885,45.182.184.0/23,0,512,512
7516,282728,170.245.158.0/23,0,512,512
2313,308758,45.187.116.0/23,0,512,512
11742,114721,200.219.130.0/23,0,512,512
11190,35604,200.9.192.0/24,0,256,256
11192,79700,200.9.209.0/24,0,256,256
905,296375,45.167.17.0/24,0,256,256
11175,24212,200.9.74.0/24,0,256,256
11131,121461,200.0.71.0/24,0,256,256
11186,24811,200.9.168.0/24,0,256,256
11184,24811,200.9.165.0/24,0,256,256
11331,21757,200.34.61.0/24,0,256,256
11205,79700,200.10.145.0/24,0,256,256
11211,85132,200.10.211.0/24,0,256,256
292,93502,45.65.252.0/24,0,256,256
11932,21461,201.131.76.0/24,0,256,256
11903,222044,201.87.144.0/24,0,256,256
11901,222044,201.87.142.0/24,0,256,256
11893,222044,201.87.131.0/24,0,256,256
11769,112550,200.229.113.0/24,0,256,256
11745,114721,200.219.143.0/24,0,256,256
584,293689,45.162.85.0/24,0,256,256
11652,222044,200.150.172.0/24,0,256,256
11650,222044,200.150.170.0/24,0,256,256
11649,222044,200.150.169.0/24,0,256,256
752,293917,45.164.206.0/24,0,256,256
11334,21461,200.34.133.0/24,0,256,256
11124,27419,200.0.17.0/24,0,256,256
11323,128993,200.33.253.0/24,0,256,256
11283,53304,200.23.202.0/24,0,256,256
11277,33250,200.23.111.0/24,0,256,256
11272,66696,200.23.63.0/24,0,256,256
11231,27419,200.14.37.0/24,0,256,256
11227,27419,200.13.83.0/24,0,256,256
11224,123289,200.12.139.0/24,0,256,256
11125,27419,200.0.19.0/24,0,256,256
2074,93663,45.183.179.0/24,0,256,256
11123,25652,199.248.144.0/24,0,256,256
11122,113501,198.184.161.0/24,0,256,256
2172,304903,45.185.31.0/24,0,256,256
2171,269238,45.185.30.0/24,0,256,256
5641,201161,164.163.243.0/24,0,256,256
5577,108642,164.163.4.0/24,0,256,256
2424,257238,45.224.186.0/24,0,256,256
1792,301730,45.179.199.0/24,0,256,256
2456,263058,45.225.42.0/24,0,256,256
2532,282199,45.226.59.0/24,0,256,256
1840,140054,45.180.113.0/24,0,256,256
1842,300664,45.180.115.0/24,0,256,256
2586,261832,45.227.5.0/24,0,256,256
2602,265187,45.227.61.0/24,0,256,256
1892,299294,45.181.42.0/24,0,256,256
1902,305202,45.181.76.0/24,0,256,256
2692,262797,45.228.156.0/24,0,256,256
2705,282810,45.228.202.0/24,0,256,256
1960,103816,45.182.40.0/24,0,256,256
1961,45934,45.182.41.0/24,0,256,256
1963,301812,45.182.43.0/24,0,256,256
2756,84171,45.229.136.0/24,0,256,256
2776,281852,45.229.195.0/24,0,256,256
1991,195428,45.182.142.0/24,0,256,256
1992,304703,45.182.143.0/24,0,256,256
2005,286603,45.182.188.0/24,0,256,256
2006,305360,45.182.189.0/24,0,256,256
2093,112999,45.183.246.0/24,0,256,256
3424,283004,45.239.112.0/24,0,256,256
3419,248323,45.239.104.0/24,0,256,256
3030,286588,45.233.143.0/24,0,256,256
2176,306272,45.185.43.0/24,0,256,256
1654,298599,45.177.198.0/24,0,256,256
1622,38398,45.177.75.0/24,0,256,256
1305,253645,45.172.218.0/24,0,256,256
11102,33250,192.100.156.0/24,0,256,256
11100,26890,192.84.12.0/24,0,256,256
11099,119096,192.80.209.0/24,0,256,256
11097,292907,192.67.23.0/24,0,256,256
992,197340,45.168.81.0/24,0,256,256
1063,296105,45.169.96.0/24,0,256,256
10080,132293,186.233.140.0/24,0,256,256
9929,31779,186.189.68.0/24,0,256,256
1199,221289,45.171.82.0/24,0,256,256
1200,126932,45.171.83.0/24,0,256,256
1211,102787,45.171.119.0/24,0,256,256
9248,37070,179.0.148.0/24,0,256,256
2342,270531,45.187.248.0/24,0,256,256
9237,194326,179.0.30.0/24,0,256,256
1614,300958,45.177.54.0/24,0,256,256
1391,300333,45.174.8.0/24,0,256,256
8811,222044,177.126.8.0/24,0,256,256
8790,126393,177.125.182.0/24,0,256,256
2073,304829,45.183.178.0/24,0,256,256
8258,132932,177.67.251.0/24,0,256,256
8123,138691,177.53.189.0/24,0,256,256
2354,308022,45.188.58.0/24,0,256,256
7561,22341,170.246.79.0/24,0,256,256
7482,114421,170.245.33.0/24,0,256,256
7481,270379,170.245.32.0/24,0,256,256
7337,264489,170.238.225.0/24,0,256,256
7295,260260,170.238.67.0/24,0,256,256
2204,112293,45.185.149.0/24,0,256,256
8789,108220,177.125.181.0/24,0,256,256
