Prefix|visible|dark|total
24.232.0.0/16|65536|0|65536
45.4.0.0/22|1024|0|1024
45.4.4.0/22|1024|0|1024
45.4.8.0/22|1024|0|1024
45.4.12.0/22|1024|0|1024
45.4.16.0/22|1024|0|1024
45.4.20.0/22|1024|0|1024
45.4.24.0/22|1024|0|1024
45.4.28.0/22|1024|0|1024
45.4.32.0/22|1024|0|1024
45.4.36.0/22|1024|0|1024
45.4.40.0/22|1024|0|1024
45.4.44.0/22|1024|0|1024
45.4.48.0/22|1024|0|1024
45.4.52.0/22|1024|0|1024
45.4.56.0/22|1024|0|1024
45.4.60.0/22|1024|0|1024
45.4.64.0/22|1024|0|1024
45.4.68.0/22|1024|0|1024
45.4.72.0/22|1024|0|1024
45.4.76.0/22|1024|0|1024
45.4.80.0/22|1024|0|1024
45.4.84.0/22|1024|0|1024
45.4.88.0/22|1024|0|1024
45.4.92.0/22|1024|0|1024
45.4.96.0/24|256|0|256
45.4.97.0/24|256|0|256
45.4.98.0/23|512|0|512
45.4.100.0/22|1024|0|1024
45.4.104.0/22|1024|0|1024
45.4.108.0/22|1024|0|1024
45.4.112.0/22|1024|0|1024
45.4.116.0/22|1024|0|1024
45.4.120.0/22|1024|0|1024
45.4.124.0/22|1024|0|1024
45.4.128.0/22|1024|0|1024
45.4.132.0/22|1024|0|1024
45.4.136.0/22|1024|0|1024
45.4.140.0/22|1024|0|1024
45.4.144.0/22|1024|0|1024
45.4.148.0/22|1024|0|1024
45.4.152.0/22|1024|0|1024
45.4.156.0/22|1024|0|1024
45.4.160.0/22|0|1024|1024
45.4.164.0/22|1024|0|1024
45.4.168.0/22|1024|0|1024
45.4.172.0/22|1024|0|1024
45.4.176.0/22|1024|0|1024
45.4.180.0/22|1024|0|1024
45.4.184.0/22|1024|0|1024
45.4.188.0/22|1024|0|1024
45.4.192.0/22|1024|0|1024
45.4.196.0/22|1024|0|1024
45.4.200.0/22|1024|0|1024
45.4.204.0/22|1024|0|1024
45.4.208.0/22|1024|0|1024
45.4.212.0/22|1024|0|1024
45.4.216.0/22|1024|0|1024
45.4.220.0/22|1024|0|1024
45.4.224.0/22|1024|0|1024
45.4.228.0/22|1024|0|1024
45.4.232.0/22|1024|0|1024
45.4.236.0/22|1024|0|1024
45.4.240.0/22|1024|0|1024
45.4.244.0/22|1024|0|1024
45.4.248.0/22|1024|0|1024
45.4.252.0/22|1024|0|1024
45.5.0.0/22|512|512|1024
45.5.4.0/22|512|512|1024
45.5.8.0/22|1024|0|1024
45.5.12.0/24|0|256|256
45.5.13.0/24|256|0|256
45.5.14.0/24|256|0|256
45.5.15.0/24|256|0|256
45.5.16.0/22|1024|0|1024
45.5.20.0/22|1024|0|1024
45.5.28.0/22|1024|0|1024
45.5.32.0/22|1024|0|1024
45.5.36.0/22|1024|0|1024
45.5.40.0/22|1024|0|1024
45.5.44.0/22|1024|0|1024
45.5.48.0/22|1024|0|1024
45.5.52.0/22|1024|0|1024
45.5.56.0/22|1024|0|1024
45.5.60.0/22|1024|0|1024
45.5.64.0/22|1024|0|1024
45.5.68.0/22|1024|0|1024
45.5.72.0/22|1024|0|1024
45.5.76.0/22|1024|0|1024
45.5.80.0/22|1024|0|1024
45.5.84.0/22|1024|0|1024
45.5.88.0/22|1024|0|1024
45.5.92.0/22|1024|0|1024
45.5.96.0/22|1024|0|1024
45.5.100.0/22|1024|0|1024
45.5.104.0/22|1024|0|1024
45.5.108.0/22|1024|0|1024
45.5.112.0/22|1024|0|1024
45.5.116.0/22|1024|0|1024
45.5.120.0/22|1024|0|1024
45.5.124.0/22|256|768|1024
45.5.128.0/22|1024|0|1024
45.5.132.0/22|1024|0|1024
45.5.136.0/22|1024|0|1024
45.5.140.0/22|1024|0|1024
45.5.144.0/22|1024|0|1024
45.5.148.0/22|1024|0|1024
45.5.152.0/22|1024|0|1024
45.5.156.0/22|1024|0|1024
45.5.160.0/22|512|512|1024
45.5.164.0/22|1024|0|1024
45.5.168.0/22|1024|0|1024
45.5.172.0/22|1024|0|1024
45.5.176.0/22|1024|0|1024
45.5.180.0/22|1024|0|1024
45.5.184.0/22|1024|0|1024
45.5.188.0/22|1024|0|1024
45.5.192.0/22|1024|0|1024
45.5.196.0/22|1024|0|1024
45.5.200.0/22|1024|0|1024
45.5.204.0/22|1024|0|1024
45.5.208.0/22|1024|0|1024
45.5.212.0/22|1024|0|1024
45.5.216.0/22|1024|0|1024
45.5.220.0/22|1024|0|1024
45.5.224.0/22|1024|0|1024
45.5.228.0/22|1024|0|1024
45.5.232.0/22|1024|0|1024
45.5.236.0/22|1024|0|1024
45.5.240.0/22|1024|0|1024
45.5.244.0/22|1024|0|1024
45.5.252.0/22|1024|0|1024
45.6.0.0/22|1024|0|1024
45.6.4.0/22|1024|0|1024
45.6.8.0/22|1024|0|1024
45.6.12.0/22|1024|0|1024
45.6.16.0/22|1024|0|1024
45.6.20.0/22|1024|0|1024
45.6.24.0/22|1024|0|1024
45.6.28.0/22|1024|0|1024
45.6.32.0/22|256|768|1024
45.6.36.0/22|1024|0|1024
45.6.40.0/22|1024|0|1024
45.6.44.0/22|1024|0|1024
45.6.48.0/22|1024|0|1024
45.6.52.0/22|0|1024|1024
45.6.56.0/22|1024|0|1024
45.6.60.0/22|1024|0|1024
45.6.64.0/22|1024|0|1024
45.6.72.0/22|1024|0|1024
45.6.76.0/22|1024|0|1024
45.6.80.0/22|1024|0|1024
45.6.84.0/22|1024|0|1024
45.6.88.0/22|1024|0|1024
45.6.92.0/22|1024|0|1024
45.6.96.0/22|1024|0|1024
45.6.100.0/22|1024|0|1024
45.6.104.0/22|1024|0|1024
45.6.108.0/22|1024|0|1024
45.6.112.0/22|1024|0|1024
45.6.116.0/22|512|512|1024
45.6.120.0/22|1024|0|1024
45.6.124.0/22|512|512|1024
45.6.128.0/22|1024|0|1024
45.6.132.0/22|1024|0|1024
45.6.136.0/22|1024|0|1024
45.6.140.0/22|1024|0|1024
45.6.144.0/22|1024|0|1024
45.6.148.0/22|1024|0|1024
45.6.152.0/22|1024|0|1024
45.6.156.0/22|1024|0|1024
45.6.160.0/22|1024|0|1024
45.6.164.0/22|1024|0|1024
45.6.168.0/22|1024|0|1024
45.6.172.0/22|1024|0|1024
45.6.176.0/22|1024|0|1024
45.6.180.0/22|1024|0|1024
45.6.184.0/22|1024|0|1024
45.6.188.0/22|1024|0|1024
45.6.192.0/22|1024|0|1024
45.6.196.0/22|1024|0|1024
45.6.200.0/22|1024|0|1024
45.6.204.0/22|1024|0|1024
45.6.208.0/22|1024|0|1024
45.6.212.0/23|512|0|512
45.6.214.0/24|256|0|256
45.6.216.0/22|1024|0|1024
45.6.220.0/22|1024|0|1024
45.6.224.0/22|1024|0|1024
45.6.228.0/22|1024|0|1024
45.6.232.0/22|1024|0|1024
45.6.236.0/22|1024|0|1024
45.6.240.0/22|1024|0|1024
45.6.248.0/21|0|2048|2048
45.7.0.0/22|1024|0|1024
45.7.4.0/22|1024|0|1024
45.7.8.0/22|1024|0|1024
45.7.12.0/22|1024|0|1024
45.7.16.0/22|1024|0|1024
45.7.20.0/22|1024|0|1024
45.7.24.0/22|1024|0|1024
45.7.28.0/22|1024|0|1024
45.7.32.0/22|1024|0|1024
45.7.36.0/22|512|512|1024
45.7.40.0/22|1024|0|1024
45.7.44.0/22|1024|0|1024
45.7.48.0/22|1024|0|1024
45.7.52.0/22|1024|0|1024
45.7.56.0/22|1024|0|1024
45.7.60.0/22|1024|0|1024
45.7.64.0/22|0|1024|1024
45.7.68.0/22|1024|0|1024
45.7.72.0/22|1024|0|1024
45.7.76.0/22|1024|0|1024
45.7.80.0/22|1024|0|1024
45.7.84.0/22|1024|0|1024
45.7.88.0/22|1024|0|1024
45.7.92.0/22|1024|0|1024
45.7.96.0/22|1024|0|1024
45.7.100.0/22|1024|0|1024
45.7.104.0/22|768|256|1024
45.7.108.0/22|1024|0|1024
45.7.112.0/22|1024|0|1024
45.7.116.0/22|1024|0|1024
45.7.120.0/22|1024|0|1024
45.7.124.0/22|1024|0|1024
45.7.128.0/22|1024|0|1024
45.7.132.0/22|1024|0|1024
45.7.136.0/22|1024|0|1024
45.7.140.0/22|512|512|1024
45.7.144.0/22|1024|0|1024
45.7.148.0/22|1024|0|1024
45.7.152.0/22|1024|0|1024
45.7.156.0/22|1024|0|1024
45.7.160.0/22|1024|0|1024
45.7.164.0/22|1024|0|1024
45.7.168.0/22|1024|0|1024
45.7.172.0/22|1024|0|1024
45.7.176.0/22|1024|0|1024
45.7.180.0/22|1024|0|1024
45.7.184.0/22|1024|0|1024
45.7.188.0/22|1024|0|1024
45.7.192.0/22|1024|0|1024
45.7.196.0/22|1024|0|1024
45.7.200.0/22|1024|0|1024
45.7.204.0/22|1024|0|1024
45.7.208.0/22|1024|0|1024
45.7.212.0/22|1024|0|1024
45.7.216.0/22|1024|0|1024
45.7.220.0/22|1024|0|1024
45.7.224.0/22|1024|0|1024
45.7.228.0/22|1024|0|1024
45.7.232.0/22|1024|0|1024
45.7.236.0/22|1024|0|1024
45.7.240.0/22|1024|0|1024
45.7.244.0/22|1024|0|1024
45.7.248.0/22|256|768|1024
45.7.252.0/22|1024|0|1024
45.65.128.0/22|1024|0|1024
45.65.132.0/22|1024|0|1024
45.65.136.0/22|1024|0|1024
45.65.140.0/22|1024|0|1024
45.65.144.0/22|1024|0|1024
45.65.148.0/22|1024|0|1024
45.65.152.0/22|1024|0|1024
45.65.156.0/22|1024|0|1024
45.65.160.0/22|1024|0|1024
45.65.164.0/22|1024|0|1024
45.65.168.0/22|1024|0|1024
45.65.172.0/22|1024|0|1024
45.65.176.0/22|1024|0|1024
45.65.180.0/22|1024|0|1024
45.65.184.0/22|1024|0|1024
45.65.188.0/22|1024|0|1024
45.65.192.0/22|1024|0|1024
45.65.196.0/22|1024|0|1024
45.65.200.0/24|256|0|256
45.65.201.0/24|256|0|256
45.65.202.0/24|256|0|256
45.65.203.0/24|256|0|256
45.65.204.0/22|1024|0|1024
45.65.208.0/22|1024|0|1024
45.65.212.0/22|1024|0|1024
45.65.216.0/22|1024|0|1024
45.65.220.0/22|1024|0|1024
45.65.224.0/22|1024|0|1024
45.65.228.0/22|1024|0|1024
45.65.232.0/22|512|512|1024
45.65.236.0/22|1024|0|1024
45.65.240.0/22|1024|0|1024
45.65.244.0/22|1024|0|1024
45.65.248.0/22|1024|0|1024
45.65.252.0/24|0|256|256
45.65.253.0/24|256|0|256
45.65.254.0/23|512|0|512
45.70.0.0/22|1024|0|1024
45.70.4.0/22|1024|0|1024
45.70.8.0/22|768|256|1024
45.70.12.0/22|1024|0|1024
45.70.16.0/22|1024|0|1024
45.70.20.0/22|1024|0|1024
45.70.24.0/22|1024|0|1024
45.70.28.0/22|1024|0|1024
45.70.32.0/22|1024|0|1024
45.70.36.0/22|1024|0|1024
45.70.40.0/22|1024|0|1024
45.70.44.0/22|1024|0|1024
45.70.48.0/22|1024|0|1024
45.70.52.0/22|1024|0|1024
45.70.56.0/22|1024|0|1024
45.70.60.0/22|1024|0|1024
45.70.64.0/22|1024|0|1024
45.70.68.0/22|1024|0|1024
45.70.72.0/22|1024|0|1024
45.70.76.0/22|1024|0|1024
45.70.80.0/22|1024|0|1024
45.70.84.0/22|1024|0|1024
45.70.88.0/22|1024|0|1024
45.70.92.0/22|1024|0|1024
45.70.96.0/22|1024|0|1024
45.70.100.0/22|1024|0|1024
45.70.104.0/22|1024|0|1024
45.70.108.0/22|1024|0|1024
45.70.112.0/22|1024|0|1024
45.70.116.0/22|1024|0|1024
45.70.120.0/22|1024|0|1024
45.70.124.0/22|1024|0|1024
45.70.128.0/22|1024|0|1024
45.70.132.0/22|1024|0|1024
45.70.136.0/22|1024|0|1024
45.70.140.0/22|1024|0|1024
45.70.144.0/22|1024|0|1024
45.70.148.0/22|1024|0|1024
45.70.152.0/22|768|256|1024
45.70.156.0/22|1024|0|1024
45.70.160.0/22|1024|0|1024
45.70.164.0/22|1024|0|1024
45.70.168.0/22|768|256|1024
45.70.172.0/22|768|256|1024
45.70.176.0/22|1024|0|1024
45.70.180.0/22|1024|0|1024
45.70.184.0/22|1024|0|1024
45.70.188.0/22|1024|0|1024
45.70.192.0/22|1024|0|1024
45.70.196.0/22|1024|0|1024
45.70.200.0/23|512|0|512
45.70.202.0/23|512|0|512
45.70.204.0/22|1024|0|1024
45.70.208.0/22|1024|0|1024
45.70.212.0/22|1024|0|1024
45.70.216.0/22|1024|0|1024
45.70.220.0/22|1024|0|1024
45.70.224.0/22|1024|0|1024
45.70.228.0/22|1024|0|1024
45.70.232.0/22|1024|0|1024
45.70.236.0/22|1024|0|1024
45.70.240.0/22|1024|0|1024
45.70.244.0/22|1024|0|1024
45.70.248.0/22|1024|0|1024
45.70.252.0/22|1024|0|1024
45.71.0.0/22|512|512|1024
45.71.4.0/24|256|0|256
45.71.5.0/24|256|0|256
45.71.6.0/24|256|0|256
45.71.7.0/24|256|0|256
45.71.8.0/22|0|1024|1024
45.71.12.0/22|1024|0|1024
45.71.16.0/22|1024|0|1024
45.71.20.0/22|1024|0|1024
45.71.24.0/22|1024|0|1024
45.71.28.0/22|1024|0|1024
45.71.32.0/22|1024|0|1024
45.71.36.0/22|1024|0|1024
45.71.40.0/22|1024|0|1024
45.71.44.0/22|1024|0|1024
45.71.48.0/22|1024|0|1024
45.71.52.0/22|256|768|1024
45.71.56.0/22|1024|0|1024
45.71.60.0/22|1024|0|1024
45.71.64.0/22|1024|0|1024
45.71.68.0/22|1024|0|1024
45.71.72.0/22|1024|0|1024
45.71.76.0/22|1024|0|1024
45.71.80.0/22|1024|0|1024
45.71.84.0/22|1024|0|1024
45.71.88.0/22|1024|0|1024
45.71.92.0/22|1024|0|1024
45.71.96.0/22|1024|0|1024
45.71.100.0/22|1024|0|1024
45.71.104.0/23|512|0|512
45.71.106.0/24|256|0|256
45.71.107.0/24|256|0|256
45.71.108.0/22|1024|0|1024
45.71.112.0/22|1024|0|1024
45.71.116.0/22|1024|0|1024
45.71.120.0/22|1024|0|1024
45.71.124.0/22|1024|0|1024
45.71.128.0/22|1024|0|1024
45.71.132.0/22|1024|0|1024
45.71.136.0/22|1024|0|1024
45.71.140.0/22|1024|0|1024
45.71.144.0/22|1024|0|1024
45.71.148.0/22|1024|0|1024
45.71.152.0/22|1024|0|1024
45.71.156.0/22|1024|0|1024
45.71.160.0/22|1024|0|1024
45.71.164.0/22|1024|0|1024
45.71.168.0/22|1024|0|1024
45.71.172.0/22|1024|0|1024
45.71.176.0/22|1024|0|1024
45.71.180.0/22|1024|0|1024
45.71.184.0/22|1024|0|1024
45.71.188.0/22|1024|0|1024
45.71.192.0/22|1024|0|1024
45.71.196.0/22|1024|0|1024
45.71.200.0/22|1024|0|1024
45.71.204.0/22|1024|0|1024
45.71.208.0/22|1024|0|1024
45.71.212.0/23|512|0|512
45.71.214.0/23|512|0|512
45.71.216.0/22|1024|0|1024
45.71.220.0/22|1024|0|1024
45.71.224.0/22|1024|0|1024
45.71.228.0/22|1024|0|1024
45.71.232.0/22|1024|0|1024
45.71.236.0/22|1024|0|1024
45.71.240.0/22|1024|0|1024
45.71.244.0/22|1024|0|1024
45.71.248.0/22|1024|0|1024
45.71.252.0/22|1024|0|1024
45.160.0.0/22|1024|0|1024
45.160.4.0/22|1024|0|1024
45.160.8.0/22|1024|0|1024
45.160.12.0/22|1024|0|1024
45.160.16.0/22|1024|0|1024
45.160.20.0/22|0|1024|1024
45.160.24.0/22|1024|0|1024
45.160.28.0/22|1024|0|1024
45.160.32.0/22|1024|0|1024
45.160.36.0/22|1024|0|1024
45.160.40.0/22|1024|0|1024
45.160.44.0/22|1024|0|1024
45.160.48.0/22|1024|0|1024
45.160.52.0/22|1024|0|1024
45.160.56.0/22|1024|0|1024
45.160.60.0/22|1024|0|1024
45.160.64.0/22|1024|0|1024
45.160.68.0/22|1024|0|1024
45.160.72.0/22|1024|0|1024
45.160.76.0/23|512|0|512
45.160.78.0/23|512|0|512
45.160.80.0/22|1024|0|1024
45.160.84.0/22|1024|0|1024
45.160.88.0/22|1024|0|1024
45.160.92.0/22|1024|0|1024
45.160.96.0/22|1024|0|1024
45.160.100.0/22|1024|0|1024
45.160.104.0/22|1024|0|1024
45.160.108.0/22|1024|0|1024
45.160.112.0/22|1024|0|1024
45.160.116.0/22|1024|0|1024
45.160.120.0/22|1024|0|1024
45.160.124.0/22|1024|0|1024
45.160.128.0/22|1024|0|1024
45.160.132.0/22|0|1024|1024
45.160.136.0/22|1024|0|1024
45.160.140.0/22|1024|0|1024
45.160.144.0/22|1024|0|1024
45.160.148.0/22|1024|0|1024
45.160.152.0/22|1024|0|1024
45.160.156.0/22|1024|0|1024
45.160.160.0/22|1024|0|1024
45.160.164.0/22|1024|0|1024
45.160.168.0/22|1024|0|1024
45.160.172.0/22|1024|0|1024
45.160.176.0/22|1024|0|1024
45.160.180.0/22|1024|0|1024
45.160.184.0/22|1024|0|1024
45.160.188.0/22|1024|0|1024
45.160.192.0/22|1024|0|1024
45.160.196.0/22|1024|0|1024
45.160.200.0/22|1024|0|1024
45.160.204.0/22|1024|0|1024
45.160.208.0/22|1024|0|1024
45.160.212.0/22|1024|0|1024
45.160.216.0/22|1024|0|1024
45.160.220.0/22|1024|0|1024
45.160.224.0/22|1024|0|1024
45.160.228.0/22|1024|0|1024
45.160.232.0/22|1024|0|1024
45.160.236.0/22|1024|0|1024
45.160.240.0/22|0|1024|1024
45.160.244.0/22|1024|0|1024
45.160.248.0/22|1024|0|1024
45.160.252.0/22|1024|0|1024
45.161.0.0/22|1024|0|1024
45.161.4.0/22|1024|0|1024
45.161.8.0/22|1024|0|1024
45.161.12.0/22|1024|0|1024
45.161.16.0/22|1024|0|1024
45.161.20.0/22|1024|0|1024
45.161.24.0/22|0|1024|1024
45.161.28.0/22|1024|0|1024
45.161.32.0/22|1024|0|1024
45.161.36.0/22|1024|0|1024
45.161.40.0/22|1024|0|1024
45.161.44.0/22|1024|0|1024
45.161.48.0/22|1024|0|1024
45.161.52.0/22|1024|0|1024
45.161.56.0/22|1024|0|1024
45.161.60.0/22|1024|0|1024
45.161.64.0/22|1024|0|1024
45.161.68.0/22|1024|0|1024
45.161.72.0/22|1024|0|1024
45.161.76.0/22|1024|0|1024
45.161.80.0/22|1024|0|1024
45.161.84.0/22|1024|0|1024
45.161.88.0/22|1024|0|1024
45.161.92.0/22|1024|0|1024
45.161.96.0/22|1024|0|1024
45.161.100.0/22|1024|0|1024
45.161.104.0/22|1024|0|1024
45.161.108.0/22|1024|0|1024
45.161.112.0/22|1024|0|1024
45.161.116.0/22|1024|0|1024
45.161.120.0/22|1024|0|1024
45.161.124.0/22|1024|0|1024
45.161.128.0/22|1024|0|1024
45.161.132.0/22|1024|0|1024
45.161.136.0/22|1024|0|1024
45.161.140.0/22|1024|0|1024
45.161.144.0/22|1024|0|1024
45.161.148.0/22|1024|0|1024
45.161.152.0/22|1024|0|1024
45.161.156.0/22|1024|0|1024
45.161.160.0/22|1024|0|1024
45.161.164.0/22|1024|0|1024
45.161.168.0/22|1024|0|1024
45.161.172.0/22|1024|0|1024
45.161.176.0/22|1024|0|1024
45.161.180.0/22|1024|0|1024
45.161.184.0/22|1024|0|1024
45.161.188.0/22|1024|0|1024
45.161.192.0/22|1024|0|1024
45.161.196.0/22|1024|0|1024
45.161.200.0/22|1024|0|1024
45.161.204.0/22|1024|0|1024
45.161.208.0/23|512|0|512
45.161.210.0/23|512|0|512
45.161.212.0/22|1024|0|1024
45.161.216.0/22|1024|0|1024
45.161.220.0/22|1024|0|1024
45.161.224.0/22|1024|0|1024
45.161.228.0/22|1024|0|1024
45.161.232.0/22|1024|0|1024
45.161.236.0/22|0|1024|1024
45.161.240.0/22|1024|0|1024
45.161.244.0/22|1024|0|1024
45.161.248.0/22|1024|0|1024
45.161.252.0/22|1024|0|1024
45.162.0.0/22|256|768|1024
45.162.4.0/22|1024|0|1024
45.162.8.0/22|1024|0|1024
45.162.12.0/22|1024|0|1024
45.162.16.0/22|1024|0|1024
45.162.20.0/23|512|0|512
45.162.22.0/23|512|0|512
45.162.24.0/22|1024|0|1024
45.162.28.0/22|1024|0|1024
45.162.32.0/22|1024|0|1024
45.162.36.0/22|1024|0|1024
45.162.40.0/22|768|256|1024
45.162.44.0/22|1024|0|1024
45.162.48.0/22|1024|0|1024
45.162.52.0/22|1024|0|1024
45.162.56.0/22|1024|0|1024
45.162.60.0/22|1024|0|1024
45.162.64.0/22|1024|0|1024
45.162.68.0/22|1024|0|1024
45.162.72.0/22|1024|0|1024
45.162.76.0/22|1024|0|1024
45.162.80.0/23|512|0|512
45.162.82.0/23|512|0|512
45.162.84.0/24|256|0|256
45.162.85.0/24|0|256|256
45.162.86.0/24|0|256|256
45.162.87.0/24|256|0|256
45.162.88.0/22|1024|0|1024
45.162.92.0/22|1024|0|1024
45.162.96.0/22|1024|0|1024
45.162.100.0/22|1024|0|1024
45.162.104.0/22|1024|0|1024
45.162.108.0/22|1024|0|1024
45.162.112.0/22|1024|0|1024
45.162.116.0/22|1024|0|1024
45.162.120.0/22|1024|0|1024
45.162.124.0/24|256|0|256
45.162.125.0/24|256|0|256
45.162.126.0/24|256|0|256
45.162.127.0/24|256|0|256
45.162.128.0/22|1024|0|1024
45.162.132.0/22|0|1024|1024
45.162.136.0/22|1024|0|1024
45.162.140.0/22|1024|0|1024
45.162.144.0/22|1024|0|1024
45.162.148.0/22|1024|0|1024
45.162.152.0/22|1024|0|1024
45.162.156.0/22|1024|0|1024
45.162.160.0/22|1024|0|1024
45.162.164.0/22|1024|0|1024
45.162.168.0/22|0|1024|1024
45.162.172.0/22|1024|0|1024
45.162.176.0/22|1024|0|1024
45.162.180.0/22|1024|0|1024
45.162.184.0/22|1024|0|1024
45.162.188.0/22|1024|0|1024
45.162.192.0/22|1024|0|1024
45.162.196.0/22|1024|0|1024
45.162.200.0/23|512|0|512
45.162.202.0/23|512|0|512
45.162.204.0/22|1024|0|1024
45.162.208.0/22|1024|0|1024
45.162.212.0/22|1024|0|1024
45.162.216.0/22|1024|0|1024
45.162.220.0/22|1024|0|1024
45.162.224.0/22|1024|0|1024
45.162.228.0/22|768|256|1024
45.162.232.0/22|1024|0|1024
45.162.236.0/22|1024|0|1024
45.162.240.0/22|1024|0|1024
45.162.244.0/22|1024|0|1024
45.162.248.0/22|1024|0|1024
45.162.252.0/22|1024|0|1024
45.163.0.0/22|0|1024|1024
45.163.4.0/22|1024|0|1024
45.163.8.0/22|1024|0|1024
45.163.12.0/22|1024|0|1024
45.163.16.0/23|0|512|512
45.163.18.0/23|512|0|512
45.163.20.0/22|0|1024|1024
45.163.24.0/22|1024|0|1024
45.163.28.0/23|512|0|512
45.163.30.0/24|256|0|256
45.163.31.0/24|256|0|256
45.163.32.0/22|1024|0|1024
45.163.36.0/22|1024|0|1024
45.163.40.0/22|1024|0|1024
45.163.44.0/22|1024|0|1024
45.163.48.0/22|0|1024|1024
45.163.52.0/22|1024|0|1024
45.163.56.0/22|1024|0|1024
45.163.60.0/22|1024|0|1024
45.163.64.0/22|1024|0|1024
45.163.68.0/22|1024|0|1024
45.163.72.0/22|1024|0|1024
45.163.76.0/22|1024|0|1024
45.163.80.0/22|512|512|1024
45.163.84.0/22|1024|0|1024
45.163.88.0/22|1024|0|1024
45.163.92.0/22|1024|0|1024
45.163.96.0/22|1024|0|1024
45.163.100.0/22|1024|0|1024
45.163.104.0/22|1024|0|1024
45.163.108.0/22|1024|0|1024
45.163.112.0/22|1024|0|1024
45.163.116.0/22|1024|0|1024
45.163.120.0/22|1024|0|1024
45.163.124.0/22|0|1024|1024
45.163.128.0/22|256|768|1024
45.163.132.0/22|1024|0|1024
45.163.136.0/22|1024|0|1024
45.163.140.0/22|1024|0|1024
45.163.144.0/22|1024|0|1024
45.163.148.0/22|1024|0|1024
45.163.152.0/22|1024|0|1024
45.163.156.0/22|1024|0|1024
45.163.160.0/22|1024|0|1024
45.163.164.0/22|768|256|1024
45.163.168.0/22|1024|0|1024
45.163.172.0/22|1024|0|1024
45.163.176.0/22|1024|0|1024
45.163.180.0/22|1024|0|1024
45.163.184.0/22|1024|0|1024
45.163.188.0/22|1024|0|1024
45.163.192.0/22|1024|0|1024
45.163.196.0/22|1024|0|1024
45.163.200.0/22|1024|0|1024
45.163.204.0/22|1024|0|1024
45.163.208.0/22|1024|0|1024
45.163.212.0/22|1024|0|1024
45.163.216.0/22|1024|0|1024
45.163.220.0/22|1024|0|1024
45.163.224.0/22|1024|0|1024
45.163.228.0/22|1024|0|1024
45.163.232.0/22|1024|0|1024
45.163.236.0/22|1024|0|1024
45.163.240.0/22|1024|0|1024
45.163.244.0/22|1024|0|1024
45.163.248.0/22|1024|0|1024
45.163.252.0/22|1024|0|1024
45.164.0.0/22|1024|0|1024
45.164.4.0/22|1024|0|1024
45.164.8.0/22|1024|0|1024
45.164.12.0/22|1024|0|1024
45.164.16.0/22|512|512|1024
45.164.20.0/22|768|256|1024
45.164.24.0/22|1024|0|1024
45.164.28.0/22|1024|0|1024
45.164.32.0/22|1024|0|1024
45.164.36.0/22|1024|0|1024
45.164.40.0/22|1024|0|1024
45.164.44.0/22|1024|0|1024
45.164.48.0/22|1024|0|1024
45.164.52.0/22|1024|0|1024
45.164.56.0/22|1024|0|1024
45.164.60.0/22|1024|0|1024
45.164.64.0/22|768|256|1024
45.164.68.0/22|1024|0|1024
45.164.72.0/22|1024|0|1024
45.164.76.0/22|1024|0|1024
45.164.80.0/22|1024|0|1024
45.164.84.0/22|1024|0|1024
45.164.88.0/22|1024|0|1024
45.164.92.0/22|1024|0|1024
45.164.96.0/22|1024|0|1024
45.164.100.0/22|1024|0|1024
45.164.104.0/22|1024|0|1024
45.164.108.0/22|0|1024|1024
45.164.112.0/22|1024|0|1024
45.164.116.0/22|1024|0|1024
45.164.120.0/22|1024|0|1024
45.164.124.0/22|512|512|1024
45.164.128.0/22|1024|0|1024
45.164.132.0/22|1024|0|1024
45.164.136.0/22|512|512|1024
45.164.140.0/22|1024|0|1024
45.164.144.0/22|1024|0|1024
45.164.148.0/22|1024|0|1024
45.164.152.0/22|1024|0|1024
45.164.156.0/22|1024|0|1024
45.164.160.0/22|1024|0|1024
45.164.164.0/22|1024|0|1024
45.164.168.0/22|1024|0|1024
45.164.172.0/22|1024|0|1024
45.164.176.0/22|1024|0|1024
45.164.180.0/22|1024|0|1024
45.164.184.0/22|1024|0|1024
45.164.188.0/22|1024|0|1024
45.164.192.0/22|1024|0|1024
45.164.196.0/22|0|1024|1024
45.164.200.0/22|1024|0|1024
45.164.204.0/23|512|0|512
45.164.206.0/24|0|256|256
45.164.207.0/24|256|0|256
45.164.208.0/22|1024|0|1024
45.164.212.0/22|1024|0|1024
45.164.216.0/22|1024|0|1024
45.164.220.0/22|1024|0|1024
45.164.224.0/22|1024|0|1024
45.164.228.0/22|1024|0|1024
45.164.232.0/22|1024|0|1024
45.164.236.0/22|1024|0|1024
45.164.240.0/22|1024|0|1024
45.164.244.0/22|1024|0|1024
45.164.248.0/22|1024|0|1024
45.164.252.0/22|1024|0|1024
45.165.0.0/22|1024|0|1024
45.165.4.0/22|1024|0|1024
45.165.8.0/22|1024|0|1024
45.165.12.0/22|1024|0|1024
45.165.16.0/22|1024|0|1024
45.165.20.0/22|1024|0|1024
45.165.24.0/22|1024|0|1024
45.165.28.0/22|1024|0|1024
45.165.32.0/22|1024|0|1024
45.165.36.0/22|1024|0|1024
45.165.40.0/22|0|1024|1024
45.165.44.0/22|1024|0|1024
45.165.48.0/22|1024|0|1024
45.165.52.0/23|512|0|512
45.165.54.0/23|512|0|512
45.165.56.0/22|1024|0|1024
45.165.60.0/22|1024|0|1024
45.165.64.0/22|1024|0|1024
45.165.68.0/22|1024|0|1024
45.165.72.0/22|1024|0|1024
45.165.76.0/22|1024|0|1024
45.165.80.0/22|768|256|1024
45.165.84.0/22|1024|0|1024
45.165.88.0/22|1024|0|1024
45.165.92.0/22|1024|0|1024
45.165.96.0/22|1024|0|1024
45.165.100.0/22|1024|0|1024
45.165.104.0/22|1024|0|1024
45.165.108.0/22|1024|0|1024
45.165.112.0/22|0|1024|1024
45.165.116.0/22|1024|0|1024
45.165.120.0/22|1024|0|1024
45.165.124.0/22|1024|0|1024
45.165.128.0/22|768|256|1024
45.165.132.0/22|1024|0|1024
45.165.136.0/22|1024|0|1024
45.165.140.0/22|1024|0|1024
45.165.144.0/22|1024|0|1024
45.165.148.0/22|1024|0|1024
45.165.152.0/24|256|0|256
45.165.153.0/24|256|0|256
45.165.154.0/23|512|0|512
45.165.156.0/22|1024|0|1024
45.165.160.0/22|1024|0|1024
45.165.164.0/22|1024|0|1024
45.165.168.0/22|1024|0|1024
45.165.172.0/22|1024|0|1024
45.165.176.0/22|1024|0|1024
45.165.180.0/22|1024|0|1024
45.165.184.0/22|1024|0|1024
45.165.188.0/22|1024|0|1024
45.165.192.0/22|1024|0|1024
45.165.196.0/22|1024|0|1024
45.165.200.0/22|1024|0|1024
45.165.204.0/22|1024|0|1024
45.165.208.0/22|1024|0|1024
45.165.212.0/22|1024|0|1024
45.165.216.0/22|1024|0|1024
45.165.220.0/22|1024|0|1024
45.165.224.0/22|1024|0|1024
45.165.228.0/22|1024|0|1024
45.165.232.0/22|1024|0|1024
45.165.236.0/22|1024|0|1024
45.165.240.0/22|1024|0|1024
45.165.244.0/22|1024|0|1024
45.165.248.0/22|1024|0|1024
45.165.252.0/22|1024|0|1024
45.166.0.0/22|1024|0|1024
45.166.4.0/22|1024|0|1024
45.166.8.0/22|1024|0|1024
45.166.12.0/22|1024|0|1024
45.166.16.0/22|1024|0|1024
45.166.20.0/22|1024|0|1024
45.166.24.0/22|1024|0|1024
45.166.28.0/22|1024|0|1024
45.166.32.0/22|1024|0|1024
45.166.36.0/22|1024|0|1024
45.166.40.0/22|1024|0|1024
45.166.44.0/22|1024|0|1024
45.166.48.0/22|1024|0|1024
45.166.52.0/22|1024|0|1024
45.166.56.0/22|1024|0|1024
45.166.60.0/22|1024|0|1024
45.166.64.0/22|1024|0|1024
45.166.68.0/22|1024|0|1024
45.166.72.0/22|1024|0|1024
45.166.76.0/23|512|0|512
45.166.78.0/24|256|0|256
45.166.79.0/24|256|0|256
45.166.80.0/22|0|1024|1024
45.166.84.0/22|768|256|1024
45.166.88.0/22|1024|0|1024
45.166.92.0/22|768|256|1024
45.166.96.0/22|1024|0|1024
45.166.100.0/22|1024|0|1024
45.166.104.0/22|1024|0|1024
45.166.108.0/22|1024|0|1024
45.166.112.0/22|1024|0|1024
45.166.116.0/22|1024|0|1024
45.166.120.0/22|1024|0|1024
45.166.124.0/22|0|1024|1024
45.166.128.0/22|1024|0|1024
45.166.132.0/22|1024|0|1024
45.166.136.0/22|1024|0|1024
45.166.140.0/22|1024|0|1024
45.166.144.0/22|0|1024|1024
45.166.148.0/22|1024|0|1024
45.166.152.0/22|1024|0|1024
45.166.156.0/22|1024|0|1024
45.166.160.0/22|1024|0|1024
45.166.164.0/22|1024|0|1024
45.166.168.0/22|1024|0|1024
45.166.172.0/22|1024|0|1024
45.166.176.0/22|1024|0|1024
45.166.180.0/22|1024|0|1024
45.166.184.0/22|1024|0|1024
45.166.188.0/22|1024|0|1024
45.166.192.0/22|1024|0|1024
45.166.196.0/22|1024|0|1024
45.166.200.0/22|1024|0|1024
45.166.204.0/22|0|1024|1024
45.166.208.0/22|1024|0|1024
45.166.212.0/22|1024|0|1024
45.166.216.0/22|1024|0|1024
45.166.220.0/22|1024|0|1024
45.166.224.0/23|512|0|512
45.166.226.0/23|0|512|512
45.166.228.0/22|1024|0|1024
45.166.232.0/22|1024|0|1024
45.166.236.0/22|1024|0|1024
45.166.240.0/22|0|1024|1024
45.166.244.0/22|256|768|1024
45.166.248.0/22|1024|0|1024
45.166.252.0/22|256|768|1024
45.167.0.0/22|256|768|1024
45.167.4.0/22|1024|0|1024
45.167.8.0/22|1024|0|1024
45.167.12.0/22|1024|0|1024
45.167.16.0/24|256|0|256
45.167.17.0/24|0|256|256
45.167.18.0/23|512|0|512
45.167.20.0/22|1024|0|1024
45.167.24.0/22|1024|0|1024
45.167.28.0/22|1024|0|1024
45.167.32.0/22|1024|0|1024
45.167.36.0/22|1024|0|1024
45.167.40.0/22|1024|0|1024
45.167.44.0/22|1024|0|1024
45.167.48.0/22|1024|0|1024
45.167.52.0/22|1024|0|1024
45.167.56.0/22|1024|0|1024
45.167.60.0/22|1024|0|1024
45.167.64.0/22|1024|0|1024
45.167.68.0/22|1024|0|1024
45.167.72.0/22|1024|0|1024
45.167.76.0/22|1024|0|1024
45.167.80.0/22|1024|0|1024
45.167.84.0/22|256|768|1024
45.167.88.0/22|1024|0|1024
45.167.92.0/22|1024|0|1024
45.167.96.0/22|1024|0|1024
45.167.100.0/22|1024|0|1024
45.167.104.0/22|1024|0|1024
45.167.108.0/22|1024|0|1024
45.167.112.0/22|1024|0|1024
45.167.116.0/22|1024|0|1024
45.167.120.0/24|256|0|256
45.167.121.0/24|256|0|256
45.167.122.0/23|512|0|512
45.167.124.0/23|512|0|512
45.167.126.0/24|256|0|256
45.167.127.0/24|256|0|256
45.167.128.0/22|1024|0|1024
45.167.132.0/22|1024|0|1024
45.167.136.0/22|1024|0|1024
45.167.140.0/22|1024|0|1024
45.167.144.0/22|1024|0|1024
45.167.148.0/22|1024|0|1024
45.167.152.0/22|1024|0|1024
45.167.156.0/22|512|512|1024
45.167.160.0/22|1024|0|1024
45.167.164.0/22|1024|0|1024
45.167.168.0/22|1024|0|1024
45.167.172.0/22|1024|0|1024
45.167.176.0/23|0|512|512
45.167.178.0/23|512|0|512
45.167.180.0/22|1024|0|1024
45.167.184.0/22|1024|0|1024
45.167.188.0/22|1024|0|1024
45.167.192.0/22|1024|0|1024
45.167.196.0/22|1024|0|1024
45.167.200.0/22|1024|0|1024
45.167.204.0/22|1024|0|1024
45.167.208.0/22|1024|0|1024
45.167.212.0/22|1024|0|1024
45.167.216.0/22|1024|0|1024
45.167.220.0/22|1024|0|1024
45.167.224.0/22|1024|0|1024
45.167.228.0/22|1024|0|1024
45.167.232.0/22|1024|0|1024
45.167.236.0/22|256|768|1024
45.167.240.0/22|1024|0|1024
45.167.244.0/22|1024|0|1024
45.167.248.0/22|1024|0|1024
45.167.252.0/22|768|256|1024
45.168.0.0/22|1024|0|1024
45.168.4.0/22|1024|0|1024
45.168.8.0/22|1024|0|1024
45.168.12.0/22|1024|0|1024
45.168.16.0/22|1024|0|1024
45.168.20.0/22|1024|0|1024
45.168.24.0/22|1024|0|1024
45.168.28.0/22|1024|0|1024
45.168.32.0/22|1024|0|1024
45.168.36.0/22|1024|0|1024
45.168.40.0/22|1024|0|1024
45.168.44.0/22|1024|0|1024
45.168.48.0/22|1024|0|1024
45.168.52.0/22|1024|0|1024
45.168.56.0/22|1024|0|1024
45.168.60.0/22|1024|0|1024
45.168.64.0/22|1024|0|1024
45.168.68.0/22|1024|0|1024
45.168.72.0/22|1024|0|1024
45.168.76.0/22|1024|0|1024
45.168.80.0/24|256|0|256
45.168.81.0/24|0|256|256
45.168.82.0/23|512|0|512
45.168.84.0/22|1024|0|1024
45.168.88.0/22|1024|0|1024
45.168.92.0/22|1024|0|1024
45.168.96.0/22|1024|0|1024
45.168.100.0/22|1024|0|1024
45.169.52.0/23|512|0|512
45.227.0.0/22|0|1024|1024
66.60.0.0/18|16384|0|16384
131.72.4.0/22|1024|0|1024
138.94.60.0/22|1024|0|1024
152.168.0.0/14|262144|0|262144
160.20.225.0/24|256|0|256
168.121.184.0/22|1024|0|1024
168.181.20.0/22|1024|0|1024
170.150.196.0/22|1024|0|1024
170.231.136.0/22|1024|0|1024
170.233.16.0/22|1024|0|1024
170.238.66.0/24|256|0|256
170.247.168.0/22|0|1024|1024
179.0.156.0/22|1024|0|1024
181.0.0.0/12|808192|240384|1048576
181.28.0.0/14|262144|0|262144
181.80.0.0/12|876544|172032|1048576
181.96.0.0/12|714752|333824|1048576
181.164.0.0/14|262144|0|262144
181.168.0.0/14|262144|0|262144
181.228.0.0/14|262144|0|262144
186.108.0.0/14|169984|92160|262144
186.124.0.0/14|245760|16384|262144
186.136.0.0/14|262144|0|262144
186.152.0.0/15|122880|8192|131072
186.233.112.0/21|2048|0|2048
187.16.192.0/19|0|8192|8192
187.120.16.0/20|4096|0|4096
189.76.96.0/19|0|8192|8192
190.2.128.0/18|8192|8192|16384
190.16.0.0/14|262144|0|262144
190.30.0.0/15|124928|6144|131072
190.112.52.0/22|1024|0|1024
190.136.0.0/14|253952|8192|262144
190.185.0.0/18|2048|14336|16384
190.188.0.0/14|262144|0|262144
190.192.0.0/14|262144|0|262144
190.224.0.0/13|475392|48896|524288
190.244.0.0/14|262144|0|262144
191.97.128.0/17|32768|0|32768
192.67.23.0/24|0|256|256
192.140.126.0/24|256|0|256
196.32.64.0/19|8192|0|8192
200.0.86.0/23|0|512|512
200.0.88.0/24|256|0|256
200.3.12.0/22|1024|0|1024
200.3.32.0/19|256|7936|8192
200.3.64.0/19|1792|6400|8192
200.7.84.0/22|1024|0|1024
200.10.60.0/22|1024|0|1024
200.23.206.0/24|256|0|256
200.32.0.0/19|8192|0|8192
200.42.0.0/17|32768|0|32768
200.42.128.0/19|8192|0|8192
200.43.0.0/16|63488|2048|65536
200.45.0.0/16|65536|0|65536
200.49.96.0/20|4096|0|4096
200.49.128.0/19|8192|0|8192
200.55.64.0/18|16384|0|16384
200.61.192.0/19|8192|0|8192
200.63.0.0/19|8192|0|8192
200.71.224.0/20|4096|0|4096
200.73.128.0/18|16384|0|16384
200.80.64.0/20|4096|0|4096
200.82.0.0/17|32768|0|32768
200.89.128.0/18|16384|0|16384
200.105.0.0/18|16384|0|16384
200.105.64.0/19|8192|0|8192
200.108.144.0/20|2304|1792|4096
200.110.224.0/21|2048|0|2048
200.114.128.0/17|32768|0|32768
200.117.0.0/16|60160|5376|65536
200.122.0.0/17|32768|0|32768
200.126.128.0/17|32768|0|32768
200.127.0.0/16|65536|0|65536
200.160.0.0/20|4096|0|4096
200.189.40.0/22|512|512|1024
200.192.104.0/24|256|0|256
200.192.108.0/22|256|768|1024
200.192.232.0/22|512|512|1024
200.194.128.0/19|6144|2048|8192
200.202.96.0/20|4096|0|4096
200.219.130.0/23|0|512|512
200.219.138.0/23|0|512|512
200.219.140.0/23|256|256|512
200.219.143.0/24|0|256|256
200.219.144.0/22|512|512|1024
200.219.148.0/24|256|0|256
200.219.154.0/23|512|0|512
200.219.156.0/22|512|512|1024
200.229.248.0/23|512|0|512
201.212.0.0/15|131072|0|131072
201.231.0.0/16|65536|0|65536
201.235.0.0/16|65536|0|65536
201.252.0.0/15|129024|2048|131072
